{
  "required": true,
  "package": "keystrokesmod.mixins.impl",
  "refmap": "mixins.raven.refmap.json",
  "compatibilityLevel": "JAVA_8",
  "mixins": [
    "entity.EntityAccessor",
    "entity.MixinEntity",
    "entity.MixinEntityLivingBase",
    "entity.MixinEntityPlayer",
    "entity.MixinEntityPlayerSP",
    "network.MixinNetworkManager",
    "render.MixinFontRenderer",
    "render.MixinLayerCape",
    "render.MixinModelBiped",
    "render.MixinRendererLivingEntity",
    "world.MixinBlock"
  ],
  "client": [
    "client.GuiConnectingAccessor",
    "client.KeyBindingAccessor",
    "client.MixinGuiConnecting",
    "client.PlayerControllerMPAccessor",
    "render.MixinEntityRenderer",
    "render.MixinGuiContainer",
    "render.MixinGuiScreen"
  ]
}